Subject,Question,Option A,Option B,Option C,Option D,Correct Answer,Chapter Name,Correct Option
Maths,The GST paid on an item costing ₹1000 at 18% is: ,₹ 180,₹ 80,"₹ 1,180",₹ 100, A,GST / Commercial Maths,
Maths,"If the principal is ₹5000 and CI for 2 years at 10% is ₹1,025, what is the amount? ","₹ 6,025","₹ 6,020","₹ 6,026","₹ 5,200", A,Compound Interest,
Maths,The solution set of 2x + 3 = 7 is: , {2} , {3} , {1} , {–2} , C,Linear Equations,
Maths,"If x² – 9 = 0, then x = ", ±3 , ±9 ,0,3, A,Quadratic Equations,
Maths,"The product of matrices [[1,2],[3,4]] and [[2,0],[1,2]] is: "," [[4,4],[10,8]] "," [[2,2],[4,4]] "," [[3,4],[5,6]] "," [[1,1],[1,1]] ", A,Matrices,
Maths,"If x : y = 3 : 4, then y : x = ", 4 : 3 , 3 : 4 , 7 : 3 , 1 : 1 , A,Ratio and Proportion,
Maths,"5th term of AP 3, 7, 11… is: ",19,15,11,23, A,Arithmetic Progression,
Maths,"The midpoint of (2,–3) and (6,5) is: "," (4,1) "," (3,1) "," (8,2) "," (2,5) ", A,Coordinate Geometry,
Maths,"In a right triangle with angles 30°, 60°, 90°, the sides are in ratio: ", 1:√3:2 , 1:1:1 , 2:2:2 , 1:2:3 , A,Trigonometry,
Maths,The probability of getting an even number on a fair die is: , 1/2 , 1/3 , 1/6 , 2/3 , A,Probability,
Maths,"If GST rate is 12% on ₹750 item, total GST = ",₹ 90,₹ 75,₹ 120,₹ 180, A,GST / Commercial Maths,
Maths,The roots of x² – 5x + 6 = 0 are: ," 2, 3 "," –2, –3 "," 1, 6 "," 3, 2 ", A,Quadratic Equations,
Maths,"The determinant of [[2,3],[4,5]] is: ", –2 ,2, –1 ,1, A,Matrices,
Maths,If ratio a:b = 5:8 and b:c = 3:4 then a:c = , 5:8 , 15:32 , 5:12 , 3:2 , B,Ratio and Proportion,
Maths,Sum of first 10 natural numbers is: ,55,45,65,50, A,Series / Summation,
Maths,"Reflection of point (3,4) in x-axis is: "," (3,–4) "," (–3,4) "," (–3,–4) "," (3,4) ", A,Coordinate Geometry,
Maths,"In a circle, equal chords are: ", equidistant from the centre , unequal , perpendicular , concentric , A,Geometry – Circles,
Maths,The perimeter of a rectangle 5 by 8 is: ,26,40,13,20, A,Mensuration,
Maths,The circumference of a circle radius 7 cm is: , 44 cm , 14 cm , 28 cm , 22 cm , A,Mensuration,
Maths,"Mean of (2,4,6,8) is: ",5,6,4,7, A,Measures of Central Tendency,
Maths,"Median of (3,5,7,9,11) is: ",7,5,9,11, A,Measures of Central Tendency,
Maths,sin 30° = , 1/2 , √3/2 ,1,0, A,Trigonometry,
Maths,"If tan θ = 1, then θ = ", 45° , 30° , 60° , 90° , A,Trigonometry,
Maths,The area of triangle with base 10 and height 6 is: ,30,60,16,20, A,Mensuration,
Maths,Solution of 3x + 4 < 10 is: , x < 2 , x > 2 , x < 3 , x > 3 , A,Linear Inequalities,
Maths,"If dividend theorem is applied to f(x), remainder is: ", f(a) , a ,0, x , A,Remainder Theorem,
Maths,"For a combined ratio 2:3 and 3:4, a:b:c = ", 8:12:12 , 6:9:12 , 2:3:4 , 3:4:5 , B,Ratio and Proportion,
Maths,"For geometric progression 2,4,8…, 4th term is: ",16,12,10,8, A,Geometric Progression,
Maths,"Distance between (1,2) and (4,6) is: ",5,7,6,4, A,Coordinate Geometry,
Maths,Solution of 2x² – 8x = 0 is: ," {0,4} "," {2,4} "," {1,4} "," {0,2} ", A,Quadratic Equations,
Maths,Compound interest on ₹800 at 10% for 1 year = ,₹ 80,₹ 90,₹ 75,₹ 100, A,Compound Interest,
Maths,If 4x + 1 = 13 then x = ,3,2,4,1, A,Linear Equations,
Maths,"In a matrix, row × column = ", product , sum , identity , quotient , A,Matrices,
Maths,Ratio of 15:45 simplifies to: , 1:3 , 3:1 , 1:2 , 2:3 , A,Ratio and Proportion,
Maths,Sum of interior angles of a triangle = , 180° , 360° , 90° , 270° , A,Geometry – Triangles,
Maths,Quadratic equation with roots 2 & 3: , x² –5x+6=0 , x²+5x+6=0 , x²–x+6=0 , x –1=0 , A,Quadratic Equations,
Maths,Scalar multiple of matrix multiplies: , each element , diagonal only , trace , inverse , A,Matrices,
Maths,"If sin θ = cos θ, θ = ", 45° , 30° , 60° , 90° , A,Trigonometry,
Maths,Area of circle radius 14 = , 616π , 196π , 88π , 78π , A,Mensuration,
Maths,"Probability of selecting red from 5 red, 3 blue = ", 5/8 , 3/8 , 1/2 , 5/3 , A,Probability,
Maths,The solution of 5 + x = 12 is: ,7,5,17,12, A,Linear Equations,
Maths,"In proportion 4:8 = x:16, x = ",8,6,4,12, A,Ratio and Proportion,
Maths,"Arithmetic mean of 10,20,30 is: ",20,30,15,25, A,Measures of Central Tendency,
Maths,Perimeter of square of side 9 is: ,36,27,18,45, A,Mensuration,
Maths,Log10 100 = ,2,1,3,0, A,Logarithms,
Maths,"If angle of elevation = 30°, height = 10, base = ",17.32,5,10,8.66, D,Trigonometry / Geometry,
Maths,"In a frequency distribution, the mode is: ", highest frequency , lowest , average , range , A,Measures of Central Tendency,
Maths,Simple interest on ₹1000 @ 5% for 2 years = ,₹ 100,₹ 200,₹ 50,₹ 150, B,Simple Interest,
Maths,Quadratic eqn with no real roots has discriminant: , <0 , >0 , =0 , infinite , A,Quadratic Equations,
Maths,"Gradient of line through (1,2) & (3,6) = ",2,1,4,3, A,Coordinate Geometry,
Maths,"[Mensuration] Assertion (A): The discriminant of a quadratic equation determines the nature of roots. Reason (R): If the discriminant is negative, the roots are imaginary.",A is true but R is false,Both A and R are true but R is not the correct explanation of A,Both A and R are true and R is the correct explanation of A,A is false but R is true,C,Quadratic Equations,
Maths,"The HCF and LCM of two numbers are 12 and 180 respectively. If one number is 36, the other number is",48,60,72,90,B,Number Theory,
Maths,The quadratic equation whose roots are 3 and –5 is,x² + 2x – 15 = 0,x² – 2x – 15 = 0,x² + 15x – 2 = 0,x² – 15x – 2 = 0,A,Quadratic Equations,
Maths,"The 15th term of the AP: –7, –3, 1, 5, … is",49,51,53,55,B,Arithmetic Progre,
Maths,"If sin θ = √3/2 and θ is acute, then cos θ equals",1/2,√3/2,–1/2,–√3/2,A,Trignometry,
Maths,The value of k for which the lines 3x – ky = 1 and 6x – 4y = 5 are parallel is,2,4,6,8,B,Geometry,
Maths,"The determinant of the matrix [[2, 3], [4, 6]] is",6,12,0,–6,C,Matrices,
Maths,The radius of a circle whose area is 154 cm² is,7 cm,14 cm,21 cm,3.5 cm,A,Construction,
Maths,"If tan A = 1, then A equals",30°,45°,60°,90°,B,Trignometry,
Maths,"The distance between points (2, –3) and (–4, 5) is",√68,10,√100,√52,C,Geometry,
Maths,"If the mean of the first n natural numbers is 20, then n equals",19,39,40,41,B,"Stasticts, Measures of central tendancy",
Physics,[Heat] Assertion (A): Electric energy is converted into mechanical energy in an electric motor. Reason (R): A current-carrying conductor placed in a magnetic field experiences a force.,A is false but R is true,Both A and R are true and R is the correct explanation of A,Both A and R are true but R is not the correct explanation of A,A is true but R is false,B,Heat,
Physics,[Modern Physics] Which radiation has the highest penetrating power?,Alpha particles,Beta particles,X-rays,Gamma rays,D,Modern Physics,
Physics,"[Force, Work & Energy] If the work done by a force is zero, the angle between force and displacement is:",180Â°,0Â°,90Â°,45Â°,C,"Work, Force & Energy",
Physics,[Light] A ray of light passes from air to glass. Which of the following changes occurs?,Frequency decreases,Speed decreases and wavelength decreases,Speed increases and wavelength increases,Speed remains constant,B,Light,
Physics,[Sound] The pitch of a sound depends on:,Speed of sound,Distance from source,Frequency of vibration,Amplitude of vibration,C,Sound,
Physics,[Electricity] A resistor of resistance 4 Î© is connected to a 5 V battery. The current flowing through the circuit is:,1.75 A,2.25 A,0.95 A,1.25 A,D,Electricity,
Physics,[Heat] The quantity of heat required to change 1 kg of ice at 0Â°C to water at 0Â°C is called:,Specific heat capacity,Latent heat of vaporization,Thermal capacity,Latent heat of fusion,D,Heat,
Physics,[Electricity] A resistor of resistance 3 Î© is connected to a 7 V battery. The current flowing through the circuit is:,2.33 A,3.33 A,2.83 A,2.03 A,A,Electricity,
Physics,"[Magnetism] If the work done by a force is zero, the angle between force and displacement is:",180Â°,0Â°,90Â°,45Â°,C,Magnetism,
Chemistry,[Organic Chemistry] The functional group present in ethanol is:,-CH2,-OH,-NH2,-COOH,B,Organic Chemistry,
Chemistry,[Analytical Chemistry] Assertion (A): Acids turn blue litmus red. Reason (R): Acids produce Hâº ions in aqueous solution.,Both A and R are true and R is the correct explanation of A,Both A and R are true but R is not the correct explanation of A,A is false but R is true,A is true but R is false,A,Analytical Chemistry,
Chemistry,[Periodic Table] Which of the following elements has the highest electronegativity?,Fluorine,Oxygen,Chlorine,Nitrogen,A,Periodic Table,
Chemistry,The bond formed by sharing of electrons is called:,Ionic bond,Hydrogen bond,Covalent bond,Metallic bond,C,Chemical Bonding,
Chemistry,Which salt is formed when hydrochloric acid reacts with sodium hydroxide?,Sodium sulphate,Sodium chloride,Sodium carbonate,Sodium nitrate,B,"Acids, Bases & Salts",
Chemistry, The number of molecules in one mole of a substance is,6.022e23,9.8,3.0e18,1.6e-19,A,Mole Concept,
Chemistry,"During electrolysis, oxidation occurs at the:",Anode,External circuit,Electrolyte,Cathode,A,Electrolysis,
Chemistry,Assertion (A): Acids turn blue litmus red. Reason (R): Acids produce Hâº ions in aqueous solution.,A is true but R is false,Both A and R are true and R is the correct explanation of A,A is false but R is true,Both A and R are true but R is not the correct explanation of A,B,Study of Compounds,
Chemistry, Assertion (A): Acids turn blue litmus red. Reason (R): Acids produce Hâº ions in aqueous solution.,A is false but R is true,A is true but R is false,Both A and R are true but R is not the correct explanation of A,Both A and R are true and R is the correct explanation of A,D,Electrolysis,
Chemistry,Which process is used for the concentration of sulphide ores?,Electrolysis,Froth flotation,Roasting,Calcination,B,Metallurgy,
Chemistry,Which gas is evolved when zinc reacts with dilute sulphuric acid?,Carbon dioxide,Oxygen,Sulphur dioxide,Hydrogen,D,Study of Compounds,
Chemistry,Which reagent is used to test the presence of chloride ions?,Lime water,Barium chloride,Silver nitrate,Phenolphthalein,C,Analytical Chemistry,
Chemistry,"[Acids, Bases & Salts] Assertion (A): Acids turn blue litmus red. Reason (R): Acids produce Hâº ions in aqueous solution.",A is true but R is false,A is false but R is true,Both A and R are true but R is not the correct explanation of A,Both A and R are true and R is the correct explanation of A,D,"Acids, Bases & Salts",
Chemistry,[Periodic Table] Assertion (A): Acids turn blue litmus red. Reason (R): Acids produce Hâº ions in aqueous solution.,Both A and R are true but R is not the correct explanation of A,A is true but R is false,A is false but R is true,Both A and R are true and R is the correct explanation of A,D,Periodic Table,
Chemistry,[Organic Chemistry] Assertion (A): Acids turn blue litmus red. Reason (R): Acids produce Hâº ions in aqueous solution.,A is true but R is false,Both A and R are true but R is not the correct explanation of A,A is false but R is true,Both A and R are true and R is the correct explanation of A,D,Organic Chemistry,
Chemistry,[Metallurgy] Assertion (A): Acids turn blue litmus red. Reason (R): Acids produce Hâº ions in aqueous solution.,A is false but R is true,Both A and R are true and R is the correct explanation of A,Both A and R are true but R is not the correct explanation of A,A is true but R is false,B,Metallurgy,
Chemistry,[Mole Concept] Assertion (A): Acids turn blue litmus red. Reason (R): Acids produce Hâº ions in aqueous solution.,A is true but R is false,Both A and R are true and R is the correct explanation of A,Both A and R are true but R is not the correct explanation of A,A is false but R is true,B,Mole Concept,
Biology,[Genetics & Evolution] Which of the following is a sex-linked disease?,Haemophilia,Malaria,Tuberculosis,Cholera,A,Genetics & Evolution,
Biology,[Plant Physiology] The opening and closing of stomata is regulated by:,Phloem,Xylem,Guard cells,Epidermal cells,C,Plant Physiology,
Biology,[Environment & Pollution] Assertion (A): Transpiration helps in the upward movement of water in plants. Reason (R): Evaporation of water from leaves creates a transpiration pull.,Both A and R are true and R is the correct explanation of A,Both A and R are true but R is not the correct explanation of A,A is true but R is false,A is false but R is true,A,Environment & Pollution,
Biology,"[Practical Biology] In an osmosis experiment using potato strips, the strip kept in salt solution becomes:",Rigid,Turgid,Swollen,Flaccid,D,Practical Biology,
Biology,[Cell Biology] Which cell organelle is known as the powerhouse of the cell?,Nucleus,Golgi apparatus,Ribosome,Mitochondria,D,Cell Biology,
Biology,[Health & Hygiene] Assertion (A): Transpiration helps in the upward movement of water in plants. Reason (R): Evaporation of water from leaves creates a transpiration pull.,A is false but R is true,A is true but R is false,Both A and R are true but R is not the correct explanation of A,Both A and R are true and R is the correct explanation of A,D,Health & Hygiene,
Biology,[Population] An increase in population beyond carrying capacity results in:,Species stability,No change,Ecological balance,Environmental degradation,D,Population,
Biology,[Environment & Pollution] Which gas is mainly responsible for global warming?,Carbon dioxide,Hydrogen,Oxygen,Nitrogen,A,Environment & Pollution,
Biology,[Plant Physiology] Assertion (A): Transpiration helps in the upward movement of water in plants. Reason (R): Evaporation of water from leaves creates a transpiration pull.,Both A and R are true but R is not the correct explanation of A,A is true but R is false,A is false but R is true,Both A and R are true and R is the correct explanation of A,D,Plant Physiology,
Biology,[Human Physiology] Which component of blood helps in clotting?,Platelets,RBC,Plasma,WBC,A,Human Physiology,
Biology,[Reproductive System] The site of fertilization in humans is:,Fallopian tube,Cervix,Ovary,Uterus,A,Reproductive System,
Biology,[Health & Hygiene] Which disease is caused by deficiency of vitamin D?,Beriberi,Rickets,Night blindness,Scurvy,B,Health & Hygiene,
Physics,The work done in moving a charge of 5 C across a potential difference of 12 V is,60 J,2.4 J,17 J,0.4 J,A,Current Electricity,
Physics,A fuse wire should have,low resistivity and high melting point,high resistivity and low melting point,low resistivity and low melting point,high resistivity and high melting point,B,Household Circuits,
Physics,The image formed by a concave lens is always,real and inverted,real and erect,virtual and erect,virtual and inverted,C,Refraction Through a Lens,
Physics,The frequency of an AC supply in India is,25 Hz,50 Hz,100 Hz,60 Hz,B,Current Electricity,
Physics,Which radiation has the least penetrating power?,Alpha,Beta,Gamma,X-rays,A,Radioactivity,
Physics,"If the speed of a body becomes double, its kinetic energy becomes",double,triple,four times,half,C,"Work, Force & Energy",
Physics,The neutral point in a bar magnet is the point where,magnetic field is strongest,magnetic field is zero,magnetic field is maximum,earth’s field is absent,B,Electromagnetism,
Physics,Sound travels fastest in,air,water,vacuum,steel,D,Sound,
Physics,The unit of electric power is,kilowatt-hour,joule,watt,volt,C,Current Electricity,
Physics,An ammeter is connected in,parallel,series,either way,diagonal,B,Current Electricity,
Chemistry,The element with atomic number 12 belongs to,group 2,group 12,group 10,group 1,A,Periodic Table,
Chemistry,The pH value of a strong acid is,less than 7,equal to 7,greater than 7,zero,A,"Acids, Bases & Salts",
Chemistry,Which gas is evolved when sodium reacts with water?,Oxygen,Hydrogen,Nitrogen,Carbon dioxide,B,Study of Compounds,
Chemistry,The process of converting sugar into alcohol is called,oxidation,fermentation,hydration,neutralization,B,Study of Compounds,
Chemistry,Which of the following is an oxidising agent?,Hydrogen,Carbon monoxide,Potassium permanganate,Zinc,C,Study of Compounds,
Chemistry,The functional group present in ethanoic acid is,–OH,–CHO,–COOH,–COO–,C,Organic Chemistry,
Chemistry,The compound used to dry ammonia gas is,conc. H₂SO₄,quicklime,P₂O₅,anhydrous CaCl₂,B,Study of Compounds,
Chemistry,The ore of aluminium is,haematite,bauxite,calamine,galena,B,Metallurgy,
Chemistry,Which bond is present in NaCl?,Covalent,Metallic,Hydrogen,Electrovalent,D,Chemical Bonding,
Chemistry,The molecular formula of ethene is,C₂H₆,C₂H₄,C₃H₆,CH₄,B,Organic Chemistry,
Biology,The site of photosynthesis in a plant cell is,mitochondria,ribosome,chloroplast,nucleus,C,Photosynthesis,
Biology,Which blood vessel carries oxygenated blood from lungs to heart?,pulmonary artery,pulmonary vein,aorta,vena cava,B,Circulatory System,
Biology,The functional unit of kidney is,nephron,neuron,alveolus,villus,A,Human Physiology,
Biology,The opening and closing of stomata is controlled by,epidermal cells,guard cells,root hairs,xylem,B,Plant Physiology,
Biology,Which hormone regulates blood sugar level?,Thyroxine,Insulin,Adrenaline,Estrogen,B,Endocrine,
Biology,Fertilization in humans occurs in the,uterus,ovary,fallopian tube,cervix,C,Reproductive System,
Biology,Which disease is caused by deficiency of iodine?,Rickets,Goitre,Scurvy,Anaemia,B,Endocrine,
Biology,Transpiration pull helps in,absorption of water,transport of food,transport of water,respiration,C,Plant Physiology,
Biology,The chromosome number in human gametes is,46,23,22,44,B,Reproductive System,
Biology,Which organism is used in bread making?,Bacteria,Virus,Yeast,Algae,C,Cell,
Physics,Two resistors of 4 Ω and 6 Ω are connected in parallel. The equivalent resistance is,10 Ω,5 Ω,2.4 Ω,1.5 Ω,C,Current Electricity,
Physics,"If the frequency of an AC source is doubled, the time period becomes",double,half,same,four times,B,Current Electricity,
Physics,A ray of light passes from glass to air. The angle of incidence is greater than the critical angle. The ray will,refract,reflect,totally reflect,bend towards normal,C,Refraction of Light at Plane surfaces,
Physics,The energy of a body executing SHM is proportional to,amplitude,square of amplitude,frequency,velocity,B,Sound,
Physics,Which factor does NOT affect the resistance of a conductor?,length,area of cross-section,temperature,voltage,D,Current Electricity,
Physics,"In Fleming’s left-hand rule, the thumb represents",current,force,magnetic field,emf,B,Electromagnetism,
Physics,"A body is thrown vertically upwards. At the highest point, its",velocity is zero but acceleration is zero,velocity is zero but acceleration is g,velocity and acceleration are zero,acceleration is zero but velocity is g,B,Force,
Physics,The colour of light with the highest frequency is,red,green,blue,violet,D,Spectrum,
Physics,The efficiency of a machine can never be 100% because,some energy is always lost as heat due to friction,input work is always less than output work,the machine does not obey the law of conservation of energy,useful work is always greater than total work,A,Machines,
Maths,"If the roots of 2x² + kx + 8 = 0 are equal, the value of k is",8,–8,±8,±4√4,C,Quadratic Equations,
Maths,The sum of the first n terms of an AP is 3n² + 5n. The common difference is,3,5,6,8,C,Arithmetic Progression,
Maths,"If sin A = 3/5 where A is acute, then (1 − tan²A)/(1 + tan²A) equals",7/25,16/25,–7/25,9/25,A,Trigonometry,
Maths,"The value of k for which the points (1,2), (4,k), (6,8) are collinear is",4,5,6,7,B,Coordinate Geometry,
Maths,"The determinant of the matrix [[x,2],[3,4]] is zero when x equals",0,1,2,1.5,D,Matrices,
Maths,The ratio of the areas of two circles is 9 : 16. The ratio of their radii is,03:04,04:03,09:16,16:09,A,Mensuration,
Maths,"If tan(A + B) = 1, where A = 30°, then B equals",15°,30°,45°,60°,C,Trigonometry,
Maths,"The mean of 10 observations is 12. If each observation is increased by 3, the new mean is",12,15,18,30,B,Measures of Central Tendency,
Maths,"The locus of a point equidistant from points (–2,0) and (2,0) is",x-axis,y-axis,line y = x,line y = –x,B,Coordinate Geometry,
Maths,"If x = 2 is a solution of x³ + ax² – 4x – 8 = 0, then a equals",2,–2,4,–4,B,Polynomial Equations,
Chemistry,"An element has electronic configuration 2,8,7. It will",gain one electron,lose one electron,share seven electrons,lose seven electrons,A,Periodic Table,
Chemistry,Which compound will turn moist red litmus blue?,CO₂,NH₃,SO₂,HCl,B,"Acids, Bases & Salts",
Chemistry,The gas collected over water must be,soluble in water,heavier than air,insoluble in water,lighter than water,C,Study of Compounds,
Chemistry,Which reaction represents oxidation?,Fe²⁺ → Fe³⁺,Cl₂ → 2Cl⁻,H⁺ → H,O²⁻ → O,A,Study of Compounds,
Chemistry,The correct order of reactivity is,Zn > Fe > Cu,Cu > Fe > Zn,Fe > Zn > Cu,Zn > Cu > Fe,A,Study of Compounds,
Chemistry,Which acid is present in vinegar?,Methanoic,Citric,Ethanoic,Lactic,C,Study of Compounds,
Chemistry,The process of heating an ore in limited air is,roasting,calcination,smelting,electrolysis,B,Metallurgy,
Chemistry,Which compound will give a precipitate with AgNO₃?,NaCl,NaNO₃,Na₂SO₄,NaOH,A,Analytical Chemistry,
Chemistry,The reducing agent in Zn + CuO → ZnO + Cu is,Zn,CuO,Cu,ZnO,A,Study of Compounds,
Chemistry,The IUPAC name of CH₃–CH₂–OH is,methanol,ethanol,propanol,ethanoic acid,B,Organic Chemistry,
Biology,Which structure prevents backflow of blood in the heart?,septum,valves,auricle,ventricle,B,Circulatory System,
Biology,The sequence of passage of food in humans is,stomach → oesophagus → intestine,oesophagus → stomach → intestine,mouth → intestine → stomach,intestine → stomach → oesophagus,B,Human Physiology,
Biology,Which process releases energy in living cells?,photosynthesis,respiration,transpiration,diffusion,B,Cell,
Biology,The number of chromosomes in a human zygote is,23,46,22,44,B,Reproductive System,
Biology,The part of the brain that controls balance is,cerebrum,medulla,cerebellum,pons,C,Human Physiology,
Biology,Which blood group is known as universal donor?,A,B,AB,O,D,Circulatory System,
Biology,The function of xylem is,transport of food,transport of water,respiration,storage,B,Plant Physiology,
Biology,A bisexual flower contains,only stamens,only carpels,both stamens and carpels,neither,C,Plant Physiology,
Biology,Which disease is caused by Plasmodium?,Dengue,Malaria,Typhoid,Cholera,B,"Pollution / Health & Hygiene (Vector-borne disease, fits environment & health topics)",
Biology,Which organ detoxifies harmful substances?,kidney,liver,pancreas,spleen,B,Excretory System / Liver (Cellular),
Biology,Which cell organelle controls cell activities?,Ribosome,Nucleus,Mitochondria,Chloroplast,B,Cell Biology,
Biology,Which structure is absent in animal cells?,Cell membrane,Cell wall,Nucleus,Mitochondria,B,Cell Biology,
Biology,Alternative forms of a gene are called,Alleles,Chromatids,Traits,Genes,A,Genetics,
Biology,Genotype of a heterozygous tall plant is,TT,tt,Tt,T,C,Genetics,
Biology,Main force responsible for ascent of sap is,Root pressure,Capillarity,Transpiration pull,Diffusion,C,Plant Physiology,
Biology,Which tissue transports food in plants?,Xylem,Phloem,Cambium,Cortex,B,Plant Physiology,
Biology,Photosynthesis takes place in presence of,CO₂,O₂,Sunlight,All of these,D,Plant Physiology,
Biology,Which chamber of heart receives oxygenated blood?,Right atrium,Left atrium,Right ventricle,Left ventricle,B,Human Physiology,
Biology,Which blood vessel has maximum pressure?,Vein,Capillary,Artery,Vena cava,C,Human Physiology,
Biology,Which pigment carries oxygen in blood?,Melanin,Chlorophyll,Haemoglobin,Myoglobin,C,Human Physiology,
Biology,Functional unit of kidney is,Neuron,Nephron,Alveolus,Glomerulus,B,Excretory System,
Biology,Which part of brain controls balance?,Cerebrum,Cerebellum,Medulla,Hypothalamus,B,Nervous System,
Biology,Which nerve carries impulses from receptor to CNS?,Motor,Spinal,Autonomic,Sensory,D,Nervous System,
Biology,Which hormone regulates blood sugar?,Thyroxine,Insulin,Adrenaline,Glucagon,B,Endocrine System,
Biology,Deficiency of thyroxine in adults causes,Cretinism,Goitre,Diabetes,Dwarfism,B,Endocrine System,
Biology,Site of fertilisation in humans is,Ovary,Uterus,Fallopian tube,Cervix,C,Reproductive System,
Biology,Which hormone maintains pregnancy?,Estrogen,Progesterone,FSH,LH,B,Reproductive System,
Biology,Birth rate is defined as,Deaths per year,Births per year per 1000,Population size,Growth rate,B,Population,
Biology,Which human ancestor had upright posture?,Australopithecus,Neanderthal,Cro-Magnon,Homo habilis,A,Human Evolution,
Biology,Which pollutant causes eutrophication?,CO₂,Nitrates,SO₂,CO,B,Pollution,
Biology,Which gas is responsible for acid rain?,CO₂,SO₂,O₃,N₂,B,Pollution,
Biology,Which chemical is used to test presence of starch?,Iodine,Benedict’s reagent,Fehling’s solution,Biuret,A,Practicals,
Biology,Which cell type lacks nucleus?,WBC,Platelet,RBC,Neuron,C,Practicals,
Biology,Transpiration is maximum during,Night,Morning,Afternoon,Evening,C,Practicals,
Biology,Which structure prevents backflow of blood in veins?,Valves,Septum,Capillaries,Atria,A,Practicals,
Chemistry,Which element has the highest electronegativity?,Oxygen,Nitrogen,Fluorine,Chlorine,C,Periodic Table,
Chemistry,Number of shells in an atom is equal to its,Atomic number,Valency,Period number,Group number,C,Periodic Table,
Chemistry,Which compound is covalent in nature?,NaCl,KCl,HCl,MgO,C,Chemical Bonding,
Chemistry,Which substance contains coordinate bonds?,NH₃,H₂O,NH₄Cl,NaOH,C,Chemical Bonding,
Chemistry,Which substance turns red litmus blue?,HCl,NaOH,NaCl,H₂SO₄,B,Acids Bases Salts,
Chemistry,Which salt does NOT undergo hydrolysis?,Ammonium chloride,Sodium acetate,Sodium chloride,Potassium carbonate,C,Acids Bases Salts,
Chemistry,Which ion is discharged at the cathode during electrolysis?,Anion,Cation,Neutral atom,Molecule,B,Electrolysis,
Chemistry,Electrolysis of copper sulphate using copper electrodes results in,Increase in CuSO₄ concentration,Decrease in CuSO₄ concentration,No change in concentration,Formation of oxygen,C,Electrolysis,
Chemistry,Which metal is extracted by electrolysis?,Iron,Zinc,Aluminium,Copper,C,Metallurgy,
Chemistry,Which impurity is removed during roasting?,Moisture,Silica,Sulphur,Carbon,C,Metallurgy,
Chemistry,Which gas turns lime water milky?,O₂,CO₂,SO₂,NH₃,B,Study of Compounds,
Chemistry,Which property of ammonia makes it suitable as a refrigerant?,High density,High solubility,High latent heat,Basic nature,C,Study of Compounds,
Chemistry,General formula of alkanes is,CₙH₂ₙ,CₙH₂ₙ₊₂,CₙH₂ₙ₋₂,CₙHₙ,B,Organic Chemistry,
Chemistry,Which compound shows substitution reactions?,Ethene,Ethyne,Methane,Ethanol,C,Organic Chemistry,
Chemistry,Ethanol reacts with sodium to produce,Sodium ethoxide,Sodium hydroxide,Sodium carbonate,Sodium acetate,A,Organic Chemistry,
Chemistry,Which test distinguishes ethene from ethane?,Litmus test,Bromine water,Silver nitrate,Lime water,B,Organic Chemistry,
Chemistry,Which reagent is used to test sulphate ions?,Barium chloride,Silver nitrate,Sodium hydroxide,Ammonium chloride,A,Analytical Chemistry,
Chemistry,Formation of white precipitate insoluble in nitric acid confirms presence of,Chloride,Bromide,Iodide,Sulphate,A,Analytical Chemistry,
Chemistry,Which element forms the most acidic oxide?,Sodium,Magnesium,Aluminium,Chlorine,D,Periodic Table,
Chemistry,Valency of nitrogen in ammonia is,1,2,3,5,C,Chemical Bonding,
Chemistry,Which product is formed at anode during electrolysis of acidulated water?,Hydrogen,Oxygen,Water vapour,Acid,B,Electrolysis,
Chemistry,Which ore is concentrated by froth flotation?,Bauxite,Hematite,Galena,Magnetite,C,Metallurgy,
Chemistry,Which gas is dried using quicklime?,CO₂,SO₂,NH₃,HCl,C,Study of Compounds,
Chemistry,Esterification requires,Acid catalyst,Base catalyst,Oxidising agent,Reducing agent,A,Organic Chemistry,
Chemistry,Which indicator is used in titration involving weak acid and strong base?,Phenolphthalein,Methyl orange,Litmus,Universal indicator,A,Acids Bases Salts,
Biology,Assertion: Mitochondria are called the powerhouse of the cell. Reason: They release energy during cellular respiration.,Both A and R are true and R explains A,Both A and R are true but R does NOT explain A,"A is true, R is false",A is false R is True,A,Cell Biology,
Biology,Assertion: Ribosomes are present in both prokaryotic and eukaryotic cells. Reason: They are involved in protein synthesis.,Both A and R are true and R explains A,Both A and R are true but R does NOT explain A,"A is true, R is false",A is false R is True,A,Cell Biology,
Biology,Assertion: Red blood cells lack a nucleus. Reason: This provides more surface area for oxygen transport.,Both A and R are true and R explains A,Both A and R are true but R does NOT explain A,"A is true, R is false",A is false R is True,A,Cell Biology,
Biology,Assertion: Genes are located on chromosomes. Reason: Chromosomes are made of DNA and proteins.,Both A and R are true and R explains A,Both A and R are true but R does NOT explain A,"A is true, R is false",A is false R is True,A,Genetics,
Biology,Assertion: A dominant allele always expresses itself. Reason: It masks the effect of the recessive allele.,Both A and R are true and R explains A,Both A and R are true but R does NOT explain A,"A is true, R is false",A is false R is True,A,Genetics,
Biology,Assertion: Sex of a child is determined by the mother. Reason: The ovum carries X chromosome.,Both A and R are true and R explains A,Both A and R are true but R does NOT explain A,"A is true, R is false",A is false R is True,D,Genetics,
Biology,Assertion: Transpiration pull helps in ascent of sap. Reason: Loss of water creates suction force.,Both A and R are true and R explains A,Both A and R are true but R does NOT explain A,"A is true, R is false",A is false R is True,A,Plant Physiology,
Biology,Assertion: Root pressure is important in tall trees. Reason: It provides sufficient force to lift water.,Both A and R are true and R explains A,Both A and R are true but R does NOT explain A,"A is true, R is false",A is false R is True,D,Plant Physiology,
Biology,Assertion: Photosynthesis occurs in chloroplasts. Reason: Chlorophyll absorbs light energy.,Both A and R are true and R explains A,Both A and R are true but R does NOT explain A,"A is true, R is false",A is false R is True,A,Plant Physiology,
Biology,Assertion: Stomata close during water stress. Reason: It prevents excessive transpiration.,Both A and R are true and R explains A,Both A and R are true but R does NOT explain A,"A is true, R is false",A is false R is True,A,Plant Physiology,
Biology,Assertion: The left ventricle has thicker walls. Reason: It pumps blood to the entire body.,Both A and R are true and R explains A,Both A and R are true but R does NOT explain A,"A is true, R is false",A is false R is True,A,Human Physiology,
Biology,Assertion: Valves prevent backflow of blood. Reason: They ensure unidirectional flow.,Both A and R are true and R explains A,Both A and R are true but R does NOT explain A,"A is true, R is false",A is false R is True,A,Human Physiology,
Biology,Assertion: Hemoglobin transports oxygen. Reason: It has high affinity for oxygen.,Both A and R are true and R explains A,Both A and R are true but R does NOT explain A,"A is true, R is false",A is false R is True,A,Human Physiology,
Biology,Assertion: Platelets help in blood clotting. Reason: They release clotting factors.,Both A and R are true and R explains A,Both A and R are true but R does NOT explain A,"A is true, R is false",A is false R is True,A,Human Physiology,
Biology,Assertion: Urea is excreted by kidneys. Reason: It is a nitrogenous waste.,Both A and R are true and R explains A,Both A and R are true but R does NOT explain A,"A is true, R is false",A is false R is True,A,Human Physiology,
Biology,Assertion: Nephrons are structural units of kidney. Reason: They filter blood.,Both A and R are true and R explains A,Both A and R are true but R does NOT explain A,"A is true, R is false",A is false R is True,A,Human Physiology,
Biology,Assertion: Cerebrum controls voluntary actions. Reason: It is the largest part of the brain.,Both A and R are true and R explains A,Both A and R are true but R does NOT explain A,"A is true, R is false",A is false R is True,B,Nervous System,
Biology,Assertion: Reflex actions are rapid. Reason: They bypass the brain.,Both A and R are true and R explains A,Both A and R are true but R does NOT explain A,"A is true, R is false",A is false R is True,A,Nervous System,
Biology,Assertion: The medulla controls heartbeat. Reason: It regulates involuntary actions.,Both A and R are true and R explains A,Both A and R are true but R does NOT explain A,"A is true, R is false",A is false R is True,A,Nervous System,
Biology,Assertion: Synapse transmits nerve impulses. Reason: Neurotransmitters are released.,Both A and R are true and R explains A,Both A and R are true but R does NOT explain A,"A is true, R is false",A is false R is True,A,Nervous System,
Biology,Assertion: Insulin lowers blood glucose level. Reason: It promotes uptake of glucose by cells.,Both A and R are true and R explains A,Both A and R are true but R does NOT explain A,"A is true, R is false",A is false R is True,A,Endocrine System,
Biology,Assertion: Thyroxine regulates metabolism. Reason: It contains iodine.,Both A and R are true and R explains A,Both A and R are true but R does NOT explain A,"A is true, R is false",A is false R is True,B,Endocrine System,
Biology,Assertion: Adrenaline prepares the body for emergencies. Reason: It increases heart rate.,Both A and R are true and R explains A,Both A and R are true but R does NOT explain A,"A is true, R is false",A is false R is True,A,Endocrine System,
Biology,Assertion: Fertilisation occurs in fallopian tube. Reason: It is the site of ovulation.,Both A and R are true and R explains A,Both A and R are true but R does NOT explain A,"A is true, R is false",A is false R is True,B,Reproductive System,
Biology,Assertion: Placenta acts as an endocrine gland. Reason: It secretes hormones.,Both A and R are true and R explains A,Both A and R are true but R does NOT explain A,"A is true, R is false",A is false R is True,A,Reproductive System,
Biology,Assertion: Menstrual cycle occurs in females. Reason: It prepares uterus for pregnancy.,Both A and R are true and R explains A,Both A and R are true but R does NOT explain A,"A is true, R is false",A is false R is True,A,Reproductive System,
Biology,Assertion: Human population is increasing rapidly. Reason: Death rate has declined.,Both A and R are true and R explains A,Both A and R are true but R does NOT explain A,"A is true, R is false",A is false R is True,A,Population,
Biology,Assertion: Birth rate affects population size. Reason: It determines number of individuals added.,Both A and R are true and R explains A,Both A and R are true but R does NOT explain A,"A is true, R is false",A is false R is True,A,Population,
Biology,Assertion: Homo sapiens have a large brain. Reason: They show advanced intelligence.,Both A and R are true and R explains A,Both A and R are true but R does NOT explain A,"A is true, R is false",A is false R is True,A,Human Evolution,
Biology,Assertion: Evolution is a slow process. Reason: It occurs over many generations.,Both A and R are true and R explains A,Both A and R are true but R does NOT explain A,"A is true, R is false",A is false R is True,A,Human Evolution,
Biology,Assertion: Air pollution affects respiratory health. Reason: Pollutants damage lung tissues.,Both A and R are true and R explains A,Both A and R are true but R does NOT explain A,"A is true, R is false",A is false R is True,A,Pollution,
Biology,Assertion: Eutrophication reduces oxygen levels. Reason: Excess nutrients increase algal growth.,Both A and R are true and R explains A,Both A and R are true but R does NOT explain A,"A is true, R is false",A is false R is True,A,Pollution,
Biology,Assertion: Biodegradable wastes are harmless. Reason: They decompose naturally.,Both A and R are true and R explains A,Both A and R are true but R does NOT explain A,"A is true, R is false",A is false R is True,B,Pollution,
Biology,Assertion: Osmosis occurs through semi-permeable membrane. Reason: It allows selective movement of water.,Both A and R are true and R explains A,Both A and R are true but R does NOT explain A,"A is true, R is false",A is false R is True,A,Practicals,
Biology,Assertion: Transpiration can be shown using cobalt chloride paper. Reason: It turns pink in presence of moisture.,Both A and R are true and R explains A,Both A and R are true but R does NOT explain A,"A is true, R is false",A is false R is True,A,Practicals,
Biology,Assertion: Chlorophyll is required for photosynthesis. Reason: It traps light energy.,Both A and R are true and R explains A,Both A and R are true but R does NOT explain A,"A is true, R is false",A is false R is True,A,Practicals,
Biology,Assertion: Blood smear shows RBCs without nucleus. Reason: RBCs are biconcave.,Both A and R are true and R explains A,Both A and R are true but R does NOT explain A,"A is true, R is false",A is false R is True,B,Practicals,
Biology,Assertion: Heart is made of cardiac muscle. Reason: It contracts rhythmically.,Both A and R are true and R explains A,Both A and R are true but R does NOT explain A,"A is true, R is false",A is false R is True,A,Practicals,
Chemistry,Assertion: Atomic size decreases across a period. Reason: Nuclear charge increases across a period.,Both A and R are true and R explains A,Both A and R are true but R does NOT explain A,"A is true, R is false",A is false R is True,A,Periodic Table,
Chemistry,Assertion: Noble gases have zero electron affinity. Reason: They have completely filled valence shells.,Both A and R are true and R explains A,Both A and R are true but R does NOT explain A,"A is true, R is false",A is false R is True,A,Periodic Table,
Chemistry,Assertion: Ionisation energy of oxygen is less than nitrogen. Reason: Oxygen has paired electrons in its outer shell.,Both A and R are true and R explains A,Both A and R are true but R does NOT explain A,"A is true, R is false",A is false R is True,A,Periodic Table,
Chemistry,Assertion: Ionic compounds have high melting points. Reason: Strong electrostatic forces exist between ions.,Both A and R are true and R explains A,Both A and R are true but R does NOT explain A,"A is true, R is false",A is false R is True,A,Chemical Bonding,
Chemistry,Assertion: Covalent compounds conduct electricity. Reason: They contain free ions.,Both A and R are true and R explains A,Both A and R are true but R does NOT explain A,"A is true, R is false",A is false R is True,D,Chemical Bonding,
Chemistry,Assertion: Graphite conducts electricity. Reason: Each carbon atom has one free electron.,Both A and R are true and R explains A,Both A and R are true but R does NOT explain A,"A is true, R is false",A is false R is True,A,Chemical Bonding,
Chemistry,Assertion: Sodium carbonate solution is alkaline. Reason: It undergoes hydrolysis in water.,Both A and R are true and R explains A,Both A and R are true but R does NOT explain A,"A is true, R is false",A is false R is True,A,Acids Bases Salts,
Chemistry,Assertion: Dry HCl gas does not change blue litmus. Reason: HCl produces H⁺ ions only in aqueous solution.,Both A and R are true and R explains A,Both A and R are true but R does NOT explain A,"A is true, R is false",A is false R is True,A,Acids Bases Salts,
Chemistry,Assertion: All metal oxides are basic. Reason: Metal oxides react with acids.,Both A and R are true and R explains A,Both A and R are true but R does NOT explain A,"A is true, R is false",A is false R is True,D,Acids Bases Salts,
Chemistry,Assertion: Ammonium chloride gives an acidic solution. Reason: It is formed from a strong acid and weak base.,Both A and R are true and R explains A,Both A and R are true but R does NOT explain A,"A is true, R is false",A is false R is True,A,Acids Bases Salts,
Chemistry,Assertion: Electrolysis is a redox reaction. Reason: Oxidation and reduction occur simultaneously.,Both A and R are true and R explains A,Both A and R are true but R does NOT explain A,"A is true, R is false",A is false R is True,A,Electrolysis,
Chemistry,Assertion: Copper is deposited at the cathode during electrolysis of CuSO₄. Reason: Copper ions gain electrons.,Both A and R are true and R explains A,Both A and R are true but R does NOT explain A,"A is true, R is false",A is false R is True,A,Electrolysis,
Chemistry,Assertion: Electrolysis of molten NaCl produces hydrogen gas. Reason: Sodium reacts with moisture.,Both A and R are true and R explains A,Both A and R are true but R does NOT explain A,"A is true, R is false",A is false R is True,D,Electrolysis,
Chemistry,Assertion: An electrolyte conducts electricity in molten state. Reason: Ions are free to move.,Both A and R are true and R explains A,Both A and R are true but R does NOT explain A,"A is true, R is false",A is false R is True,A,Electrolysis,
Chemistry,Assertion: Aluminium is extracted by electrolysis. Reason: Aluminium is highly reactive.,Both A and R are true and R explains A,Both A and R are true but R does NOT explain A,"A is true, R is false",A is false R is True,A,Metallurgy,
Chemistry,Assertion: Roasting is done for oxide ores. Reason: It removes volatile impurities.,Both A and R are true and R explains A,Both A and R are true but R does NOT explain A,"A is true, R is false",A is false R is True,D,Metallurgy,
Chemistry,Assertion: Zinc oxide is reduced by carbon. Reason: Zinc is less reactive than carbon.,Both A and R are true and R explains A,Both A and R are true but R does NOT explain A,"A is true, R is false",A is false R is True,A,Metallurgy,
Chemistry,Assertion: Iron is prevented from rusting by galvanisation. Reason: Zinc is more reactive than iron.,Both A and R are true and R explains A,Both A and R are true but R does NOT explain A,"A is true, R is false",A is false R is True,A,Metallurgy,
Chemistry,Assertion: Ethanol reacts with sodium to produce hydrogen. Reason: Ethanol is acidic in nature.,Both A and R are true and R explains A,Both A and R are true but R does NOT explain A,"A is true, R is false",A is false R is True,B,Organic Chemistry,
Chemistry,Assertion: Ethanoic acid turns blue litmus red. Reason: It produces H⁺ ions in aqueous solution.,Both A and R are true and R explains A,Both A and R are true but R does NOT explain A,"A is true, R is false",A is false R is True,A,Organic Chemistry,
Chemistry,Assertion: Alkenes are unsaturated hydrocarbons. Reason: They contain double bonds.,Both A and R are true and R explains A,Both A and R are true but R does NOT explain A,"A is true, R is false",A is false R is True,A,Organic Chemistry,
Chemistry,Assertion: Ethene undergoes addition reactions. Reason: It contains a C=C bond.,Both A and R are true and R explains A,Both A and R are true but R does NOT explain A,"A is true, R is false",A is false R is True,A,Organic Chemistry,
Chemistry,Assertion: Methane shows substitution reactions. Reason: It is a saturated hydrocarbon.,Both A and R are true and R explains A,Both A and R are true but R does NOT explain A,"A is true, R is false",A is false R is True,A,Organic Chemistry,
Chemistry,Assertion: Ethanol can be oxidised to ethanoic acid. Reason: It contains –OH group.,Both A and R are true and R explains A,Both A and R are true but R does NOT explain A,"A is true, R is false",A is false R is True,B,Organic Chemistry,
Chemistry,Assertion: CO₂ turns lime water milky. Reason: Calcium carbonate is formed.,Both A and R are true and R explains A,Both A and R are true but R does NOT explain A,"A is true, R is false",A is false R is True,A,Analytical Chemistry,
Chemistry,Assertion: Excess CO₂ clears milkiness of lime water. Reason: Calcium bicarbonate is soluble.,Both A and R are true and R explains A,Both A and R are true but R does NOT explain A,"A is true, R is false",A is false R is True,A,Analytical Chemistry,
Chemistry,Assertion: Ammonia is alkaline. Reason: It produces OH⁻ ions in water.,Both A and R are true and R explains A,Both A and R are true but R does NOT explain A,"A is true, R is false",A is false R is True,A,Study of Compounds,
Chemistry,Assertion: Ammonia is highly soluble in water. Reason: It forms hydrogen bonds with water.,Both A and R are true and R explains A,Both A and R are true but R does NOT explain A,"A is true, R is false",A is false R is True,A,Study of Compounds,
Chemistry,Assertion: Sulphur dioxide is a reducing agent. Reason: It can be oxidised to sulphur trioxide.,Both A and R are true and R explains A,Both A and R are true but R does NOT explain A,"A is true, R is false",A is false R is True,A,Study of Compounds,
Chemistry,Assertion: Chlorine is used for water purification. Reason: It kills bacteria.,Both A and R are true and R explains A,Both A and R are true but R does NOT explain A,"A is true, R is false",A is false R is True,A,Study of Compounds,
Chemistry,Assertion: Chlorine is acidic in nature. Reason: It forms acids with water.,Both A and R are true and R explains A,Both A and R are true but R does NOT explain A,"A is true, R is false",A is false R is True,B,Study of Compounds,
Chemistry,Assertion: Fluorine is the most electronegative element. Reason: It has the smallest atomic radius.,Both A and R are true and R explains A,Both A and R are true but R does NOT explain A,"A is true, R is false",A is false R is True,A,Periodic Table,
Chemistry,Assertion: Metallic character increases down a group. Reason: Atomic size increases.,Both A and R are true and R explains A,Both A and R are true but R does NOT explain A,"A is true, R is false",A is false R is True,A,Periodic Table,
Chemistry,Assertion: Hydrogen bonding is weaker than covalent bonding. Reason: It is an intermolecular force.,Both A and R are true and R explains A,Both A and R are true but R does NOT explain A,"A is true, R is false",A is false R is True,A,Chemical Bonding,
Chemistry,Assertion: Pure water does not conduct electricity. Reason: It lacks free ions.,Both A and R are true and R explains A,Both A and R are true but R does NOT explain A,"A is true, R is false",A is false R is True,A,Electrolysis,
Chemistry,Assertion: Cryolite is added during extraction of aluminium. Reason: It lowers melting point of alumina.,Both A and R are true and R explains A,Both A and R are true but R does NOT explain A,"A is true, R is false",A is false R is True,A,Metallurgy,
Chemistry,Assertion: Ethanoic acid reacts with alcohols. Reason: Esterification occurs.,Both A and R are true and R explains A,Both A and R are true but R does NOT explain A,"A is true, R is false",A is false R is True,A,Organic Chemistry,
Chemistry,Which property shows a sudden increase on moving from Group 1 to Group 17 in the same period?,Atomic size,Metallic character,Electron affinity,Valency,C,Periodic Table,
Chemistry,Which compound has both ionic and covalent bonds?,NaCl,CO₂,NH₄Cl,HCl,C,Chemical Bonding,
Chemistry,The bond formed due to attraction between a hydrogen atom and a highly electronegative atom is called,Ionic bond,Covalent bond,Hydrogen bond,Coordinate bond,C,Chemical Bonding,
Chemistry,Which salt gives an acidic solution on hydrolysis?,Sodium chloride,Ammonium chloride,Potassium nitrate,Sodium acetate,B,Acids Bases Salts,
Chemistry,"During electrolysis of acidulated water, the volume of hydrogen collected is how many times that of oxygen?",Equal,Double,Half,Four times,B,Electrolysis,
Chemistry,"In the electrolysis of molten lead bromide,  lead is released at the",Anode,Cathode,Electrolyte surface,Both electrodes,B,Electrolysis,
Chemistry,Which process is used for concentration of sulphide ores?,Hydraulic washing,Magnetic separation,Froth flotation,Roasting,C,Metallurgy,
Chemistry,Which reagent is used to distinguish between ethanol and ethanoic acid?,Sodium metal,Sodium bicarbonate,Acidified potassium dichromate,Calcium carbonate,B,Organic Chemistry,
Chemistry,Oxidation of ethanol using acidified potassium dichromate produces,Ether,Ethyne,Ethanoic acid,Ethanone,C,Organic Chemistry,
Physics,"In a wiring diagram of a household circuit, the fuse is always connected in the",earth wire,neutral wire,live wire,appliance wire,C,Household Circuits,
Physics,"In a three-pin plug diagram, the longest pin is the",live pin,neutral pin,earth pin,fuse pin,C,Household Circuits,
Physics,"In a diagram showing magnetic field lines around a current-carrying conductor, the direction of field lines is determined by",Fleming’s left hand rule,Fleming’s right hand rule,Maxwell’s rule,Right-hand thumb rule,D,Electromagnetism,
Physics,"In the diagram of a solenoid, the end where the current appears anticlockwise acts as",south pole,north pole,neutral,alternating pole,B,Electromagnetism,
Physics,"In a diagram showing motion of a conductor in a magnetic field, induced current direction is found using",Right-hand thumb rule,Fleming’s left hand rule,Fleming’s right hand rule,Corkscrew rule,C,Electromagnetism,
Physics,"In a diagram showing two forces acting at a point, equilibrium exists when the angle between equal forces is",0°,60°,90°,180°,D,Force,
Physics,"In a free-body diagram of a book resting on a table, the upward force shown is",friction,applied force,normal reaction,weight,C,Force,
Physics,"In the ray diagram of refraction through a rectangular glass slab, the emergent ray is parallel to the incident ray because",angles are equal,slab surfaces are parallel,refractive index is constant,light travels straight,B,Refraction of Light,
Physics,"In a ray diagram showing refraction through a convex lens, the ray passing through the optical centre emerges",parallel to axis,along focal plane,undeviated,reflected back,C,Refraction of Light,
Physics,"In a ray diagram for refraction from air to glass, the angle of refraction is smaller than the angle of incidence because glass has",lower density,higher refractive index,lower refractive index,higher transparency,B,Refraction of Light,
Physics,A force of 10 N acts on a body of mass 2 kg. The acceleration produced is,2 m/s²,5 m/s²,10 m/s²,20 m/s²,B,Force,
Physics,The inertia of a body depends upon its,volume,density,mass,shape,C,Force,
Physics,A body thrown vertically upwards has maximum potential energy at,ground,halfway,highest point,all points,C,Work Energy Power,
Physics,The unit of power is,joule,watt,newton,ampere,B,Work Energy Power,
Physics,1 horsepower is equal to,746 W,1000 W,746 J,735 W,A,Work Energy Power,
Physics,The focal length of a convex lens is 20 cm. The power of the lens is,+2 D,–2 D,+5 D,–5 D,C,Light,
Physics,An object is placed at the centre of curvature of a concave mirror. The image formed is,virtual and erect,real and inverted of same size,real and inverted enlarged,virtual and diminished,B,Light,
Physics,The unit of refractive index is,metre,second,no unit,radian,C,Light,
Physics,"When light enters a denser medium, its",speed increases,wavelength increases,frequency decreases,speed decreases,D,Light,
Physics,Ultrasound waves have frequency,less than 20 Hz,between 20 Hz and 20 kHz,more than 20 kHz,exactly 20 kHz,C,Sound,
Physics,Echo is heard only if the distance between listener and obstacle is at least,8.5 m,10 m,17 m,34 m,C,Sound,
Physics,Loudness of sound depends on,frequency,amplitude,velocity,wavelength,B,Sound,
Physics,"If the potential difference across a conductor is doubled, the current becomes",half,double,same,zero,B,Electricity,
Physics,The heating effect of electric current depends on,I²Rt,IR,V/I,R/I,A,Electricity,
Physics,A voltmeter is connected in,series,parallel,either,diagonal,B,Electricity,
Physics,Magnetic field lines are,closed curves,open curves,straight lines,parallel lines,A,Magnetism,
Physics,The polarity induced at the nearer end of an iron rod placed near a magnet is,same,opposite,neutral,alternating,B,Magnetism,
Physics,The strength of magnetic field is maximum,near poles,at centre,outside magnet,uniform everywhere,A,Magnetism,
Physics,The heat required to change ice at 0°C to water at 0°C is called,specific heat,latent heat of fusion,latent heat of vaporization,calorific value,B,Calorimetry,
Physics,The temperature of a substance remains constant during,heating,cooling,change of state,conduction,C,Calorimetry,
Physics,Beta particles are,helium nuclei,electrons,electromagnetic waves,neutrons,B,Radioactivity,
Physics,The unit of radioactivity is,tesla,gray,becquerel,curie,C,Radioactivity,
Physics,The colour of the live wire is,green,blue,brown,yellow,C,Household Circuits,
Physics,Appliances are connected in parallel so that,current divides,voltage divides,same current flows,power increases,A,Household Circuits,
Physics,The main function of a fuse is to,reduce voltage,increase current,prevent overheating,store energy,C,Household Circuits,
Physics,The change in momentum of a body of mass 2 kg whose velocity changes from 3 m/s to 7 m/s is,4 kg m/s,8 kg m/s,10 kg m/s,14 kg m/s,C,Force,
Physics,A body is moving with uniform velocity. The net force acting on it is,maximum,minimum,zero,infinite,C,Force,
Physics,The work done by gravity on a freely falling body is,positive,negative,zero,variable,A,Work Energy Power,
Physics,The kinetic energy of a body is doubled when its velocity becomes,√2 times,2 times,4 times,half,A,Work Energy Power,
Physics,One joule is equal to,1 N m,1 kg m² s⁻²,both A and B,1 W s,C,Work Energy Power,
Physics,A machine is said to be efficient if,output > input,output = input,output < input,efficiency > 100%,B,Power,
Physics,A real image is formed by a convex lens when the object is placed,between F and O,at F,beyond F,at O,C,Light,
Physics,The magnification produced by a plane mirror is,–1,1,less than 1,greater than 1,B,Light,
Physics,"When a ray passes from air to glass, it bends",away from normal,towards normal,along the surface,backward,B,Light,
Physics,The refractive index of a medium depends on,wavelength of light,density,temperature,all of these,D,Light,
Physics,Sound waves are,transverse,longitudinal,electromagnetic,mechanical transverse,B,Sound,
Physics,The pitch of a sound depends on its,amplitude,frequency,velocity,wavelength,B,Sound,
Physics,The speed of sound is maximum in,air,water,vacuum,steel,D,Sound,
Physics,Two resistors R and 2R are connected in series. The ratio of current through them is,01:02,02:01,01:01,depends on voltage,C,Electricity,
Physics,Electrical power is given by,VI,I²R,V²/R,all of these,D,Electricity,
Physics,The resistance of a conductor increases when,length decreases,area increases,temperature increases,voltage decreases,C,Electricity,
Physics,The direction of induced current is given by,Fleming’s left-hand rule,Fleming’s right-hand rule,Maxwell’s rule,Ohm’s law,B,Magnetism,
Physics,The strength of an electromagnet increases when,current decreases,turns decrease,soft iron core is used,copper core is used,C,Magnetism,
Physics,The unit of magnetic field strength is,tesla,weber,ampere,henry,A,Magnetism,
Physics,The amount of heat required to raise the temperature of 1 kg of water by 1°C is,calorie,joule,specific heat,4200 J,D,Calorimetry,
Physics,The S.I. unit of specific heat capacity is,J kg⁻¹ K⁻¹,J K⁻¹,cal g⁻¹ °C⁻¹,W kg⁻¹,A,Calorimetry,
Physics,Which radiation has the maximum ionising power?,alpha,beta,gamma,X-rays,A,Radioactivity,
Physics,Radioactive decay is,affected by temperature,affected by pressure,affected by electric field,unaffected by external conditions,D,Radioactivity,
Physics,The earth wire in domestic wiring is connected to,live wire,neutral wire,metal body,fuse,C,Household Circuits,
Physics,A fuse wire is made of an alloy because it has,high melting point,low melting point,low resistance,high conductivity,B,Household Circuits,
Maths,The face value of a share is ₹100 and it is sold at ₹120. The share is said to be,at par,at discount,at premium,depreciated,C,Shares & Dividends,
Maths,"If a share of face value ₹10 is quoted at ₹8, the discount is",20%,25%,2%,₹ 2,A,Shares & Dividends,
Maths,The income from 50 shares of ₹100 each at 8% dividend is,₹ 400,₹ 500,₹ 800,"₹ 4,000",A,Shares & Dividends,
Maths,A person buys ₹100 shares at ₹125. The rate of return if the dividend is 10% is,8%,10%,12%,6%,A,Shares & Dividends,
Maths,The market value of a ₹50 share paying 12% dividend so as to give 15% return is,₹ 40,₹ 50,₹ 60,₹ 80,A,Shares & Dividends,
Maths,"If ₹8,000 is invested in ₹100 shares quoted at ₹80, the number of shares bought is",80,100,120,125,B,Shares & Dividends,
Maths,Dividend is always calculated on the,market value,face value,investment value,selling price,B,Shares & Dividends,
Maths,"GST payable on an article marked at ₹5,000 with a discount of 10% and GST rate 18% is",₹ 810,₹ 900,₹ 750,₹ 720,A,GST,
Maths,"If CGST and SGST are equal and total GST is 18%, then CGST is",6%,9%,12%,18%,B,GST,
Maths,The GST paid by a consumer is calculated on the,marked price,cost price,discounted price,selling price before discount,C,GST,
Maths,"An article is sold for ₹1,770 including 18% GST. The marked price before tax is","₹ 1,500","₹ 1,600","₹ 1,650","₹ 1,700",A,GST,
Maths,Input tax credit means,refund of tax,tax exemption,tax paid on purchases,tax on profit,C,GST,
Maths,"If the selling price of an article excluding GST is ₹2,000 and GST rate is 12%, the invoice value is","₹ 2,120","₹ 2,240","₹ 2,200","₹ 2,400",A,GST,
Maths,GST replaces,only VAT,VAT and excise duty,income tax,customs duty,B,GST,
Maths,"Simple interest on a sum for 3 years at 8% p.a. is ₹2,400. The principal is","₹ 8,000","₹ 9,000","₹ 10,000","₹ 12,000",C,Banking,
Maths,"The compound interest on ₹5,000 for 2 years at 10% p.a. compounded annually is","₹ 1,000","₹ 1,050","₹ 1,100","₹ 1,150",C,Banking,
Maths,"The amount on ₹8,000 for 2 years at 5% p.a. compounded annually is","₹ 8,800","₹ 8,820","₹ 8,840","₹ 8,400",B,Banking,
Maths,The difference between CI and SI on a sum for 2 years at 10% is ₹50. The principal is,"₹ 2,000","₹ 2,500","₹ 5,000","₹ 10,000",A,Banking,
Maths,"If interest is compounded half-yearly, the rate becomes",half,double,unchanged,adjusted per period,D,Banking,
Maths,"A sum amounts to ₹12,100 in 2 years at 10% p.a. compounded annually. The principal is","₹ 10,000","₹ 11,000","₹ 12,000","₹ 9,000",A,Banking,
Maths,Simple interest on a sum for 4 years at 5% p.a. is equal to the principal. The rate of interest is,20%,25%,5%,6.25%,A,Banking,
Maths,Compound interest is always,less than SI,equal to SI,greater than SI,zero,C,Banking,
Maths,"If the rate of interest is 0%, the amount is always",zero,principal,double,infinite,B,Banking,
Maths,The formula for compound interest is,PRT,P(1+R/100)ⁿ,P(1−R/100)ⁿ,P + RT,B,Banking,
Maths,For what value of k will the equation x² + kx + 9 = 0 have equal roots?,6,–6,±6,9,C,Quadratic Equations,
Maths,"If α and β are the roots of 3x² – 5x + 2 = 0, then α + β equals",2/3,5/3,3/2,2,B,Quadratic Equations,
Maths,"If one root of x² + px – 6 = 0 is 2, the value of p is",1,–1,–5,5,B,Quadratic Equations,
Maths,"The 20th term of the AP 7, 13, 19, … is",121,127,133,139,C,Arithmetic Progression,
Maths,The sum of the first n terms of an AP is 5n² + 3n. The common difference is,5,8,10,13,C,Arithmetic Progression,
Maths,"If the 3rd and 7th terms of an AP are 14 and 30 respectively, the common difference is",3,4,5,6,B,Arithmetic Progression,
Maths,"If tan θ = 5/12 where θ is acute, sin θ equals",5/13,12/13,5/13,13/12,A,Trigonometry,
Maths,The value of (sin²30° + cos²60°) is,1,1/2,3/4,1/4,B,Trigonometry,
Maths,"If sin A = cos B and A + B = 90°, then A equals",30°,45°,60°,90°,B,Trigonometry,
Maths,"The distance between points (–2, 3) and (4, –3) is",√52,√72,√68,√48,C,Coordinate Geometry,
Maths,"The coordinates of the midpoint of the line joining (–6, 4) and (2, –8) are","(–2, –2)","(–4, –4)","(–2, –4)","(–4, –2)",A,Coordinate Geometry,
Maths,"The area of a triangle with vertices (1,2), (3,6), (5,10) is",4,6,8,0,D,Coordinate Geometry,
Maths,The angle subtended by a diameter at a point on the circle is,acute,obtuse,right angle,reflex,C,Geometry (Circles),
Maths,Tangents drawn from an external point to a circle are,equal,unequal,parallel,perpendicular,A,Geometry (Circles),
Maths,The length of the tangent from a point 10 cm away from the centre of a circle of radius 6 cm is,6 cm,8 cm,4 cm,10 cm,B,Geometry (Circles),
Maths,The ratio of volumes of two spheres is 27 : 8. The ratio of their radii is,03:02,02:03,27:08:00,09:04,A,Mensuration,
Maths,"The curved surface area of a cylinder is given by,πr²h,2πrh,πr²,2πr²",B,Mensuration,,,,,
Maths,The mean of the first 10 natural numbers is,5,5.5,6,10,B,Statistics,
Maths,"If each observation in a data set is multiplied by 3, the mean becomes",unchanged,tripled,increased by 3,squared,B,Statistics,
Maths,"The mean of 8 observations is 15. If one observation 25 is replaced by 9, the new mean is",13,14,15,16,A,Statistics,
Maths,The probability of getting a number divisible by 3 when a die is thrown is,1/6,1/3,1/2,2/3,B,Probability,
Maths,The probability of an impossible event is,1,0,–1,undefined,B,Probability,
Maths,A card is drawn from a deck. The probability that it is a king is,1/13,1/26,1/52,4/13,A,Probability,
Maths,"The determinant of the matrix [[2,3],[4,6]] is",6,12,0,–6,C,Matrices,
Maths,The solution of 3x – 7 < 2 is,x < 3,x > 3,x < 5,x > 5,A,Linear Inequations,
Chemistry,Electrolysis is the process of,Passing electricity through metals,Passing electricity through electrolyte,Heating compounds,Chemical combination,B,Electrolysis,
Chemistry,"During electrolysis, oxidation occurs at",Anode,Cathode,Electrolyte,Both electrodes,A,Electrolysis,
Chemistry,Which ion migrates towards the cathode?,Anion,Cation,Neutral atom,Molecule,B,Electrolysis,
Chemistry,"In electrolysis of acidulated water, the gas collected at cathode is",Oxygen,Hydrogen,Carbon dioxide,Nitrogen,B,Electrolysis,
Chemistry,Electrolysis of molten lead bromide produces lead at the,Cathode,Anode,Electrolyte surface,Both electrodes,A,Electrolysis,
Chemistry,Which substance is added to water to make it a good electrolyte?,Sodium chloride,Sulphuric acid,Sodium hydroxide,Copper sulphate,B,Electrolysis,
Chemistry,Which type of compounds undergo electrolysis easily?,Covalent compounds,Ionic compounds,Organic compounds,Neutral compounds,B,Electrolysis,
Chemistry,One mole of any substance contains,6.023 × 10²³ atoms,6.023 × 10²² atoms,1 gram atoms,22.4 dm³ only,A,Mole Concept,
Chemistry,Molar mass of CO₂ is,12 g,28 g,32 g,44 g,D,Mole Concept,
Chemistry,Number of moles present in 11 g of CO₂ is,0.25,0.5,1,2,A,Mole Concept,
Chemistry,Mass of 0.5 mole of oxygen gas is,8 g,16 g,32 g,64 g,A,Mole Concept,
Chemistry,How many molecules are present in 18 g of water?,6.023 × 10²³,3.011 × 10²³,1.2046 × 10²⁴,9.03 × 10²²,A,Mole Concept,
Chemistry,Mass of hydrogen required to react completely with 16 g of oxygen is,1 g,2 g,4 g,8 g,B,Stoichiometry,
Chemistry,Which law is used in stoichiometric calculations?,Law of conservation of mass,Law of constant proportions,Law of multiple proportions,Avogadro’s law,A,Stoichiometry,
Chemistry,"If 44 g of CO₂ is formed, the mass of oxygen used is",16 g,28 g,32 g,44 g,B,Stoichiometry,
Biology,Birth rate is defined as number of live births per,100 population per year,1000 population per year,Total population,Women of reproductive age,B,Population,
Biology,Which factor is most responsible for rapid human population growth?,Increased birth rate,Improved sanitation,Industrialisation,Migration,B,Population,
Biology,Population density is expressed as,Number of individuals,Individuals per unit area,Birth rate per year,Death rate per year,B,Population,
Biology,Which age group contributes maximum to population growth?,Pre-reproductive,Reproductive,Post-reproductive,Infant,B,Population,
Biology,Eutrophication of water bodies is caused by excess of,Nitrates and phosphates,Carbon dioxide,Ozone,Sulphur dioxide,A,Pollution,
Biology,Which pollutant is responsible for bio-magnification?,Carbon dioxide,DDT,Sulphur dioxide,Nitrogen oxides,B,Pollution,
Biology,Acid rain is mainly caused by oxides of,Sodium and calcium,Carbon and nitrogen,Sulphur and nitrogen,Oxygen and hydrogen,C,Pollution,
Biology,The earliest human-like ancestor was,Homo sapiens,Homo habilis,Australopithecus,Neanderthal,C,Human Evolution,
Biology,Which feature distinguishes Homo sapiens from other hominids?,Opposable thumb,Upright posture,Large cranial capacity,Use of tools,C,Human Evolution,
Biology,Neanderthal man is known for,Bipedal movement,Large brain size,Use of fire,Stone tools,B,Human Evolution,
Biology,Which plant hormone promotes cell elongation?,Auxin,Gibberellin,Cytokinin,Ethylene,A,Chemical Coordination in Plants,
Biology,Apical dominance in plants is due to,Auxin,Cytokinin,Gibberellin,Abscisic acid,A,Chemical Coordination in Plants,
Biology,Which hormone is responsible for fruit ripening?,Auxin,Gibberellin,Ethylene,Cytokinin,C,Chemical Coordination in Plants,
Biology,The light reaction of photosynthesis takes place in,Stroma,Grana,Mitochondria,Cytoplasm,B,Photosynthesis,
Biology,Which factor does NOT directly affect rate of photosynthesis?,Light intensity,Carbon dioxide concentration,Chlorophyll content,Atmospheric pressure,D,Photosynthesis,
Physics,The mechanical advantage of a machine is defined as the ratio of,resistance force to effort force,effort force to resistance force,distance moved by load to distance moved by effort,work done by machine to work done on machine,A,Machines,
Physics,"A block and tackle system has 4 pulleys. If the effort is 50 N,  the ideal mechanical advantage is",4,8,2,16,B,Machines,
Physics,"If a machine has an efficiency of 60% and input work is 200 J, output work is",100 J,120 J,140 J,160 J,B,Machines,
Physics,"In a lever,  the effort arm and load arm ratio is 3:1. The mechanical advantage is",3,1,0.33,9,A,Machines,
Physics,The velocity ratio of a machine is 5 and mechanical advantage is 4. Its efficiency is,80%,90%,75%,70%,A,Machines,
Physics,Which region of the electromagnetic spectrum is used in television remote controls?,Gamma rays,Microwaves,Infrared,Ultraviolet,C,Spectrum,
Physics,The type of electromagnetic waves used in sterilisation and killing bacteria is,Infrared,Visible light,Ultraviolet,Microwaves,C,Spectrum,
Physics,The region of spectrum used for RADAR systems is,Radio waves,X-rays,UV rays,Gamma rays,A,Spectrum,
Physics,X-rays are primarily used for,Communication,Sterilisation,Medical imaging,Broadcasting,C,Spectrum,
Physics,Which EM wave has the shortest wavelength?,Radio waves,Microwaves,Visible light,Gamma rays,D,Spectrum,
Physics,In a household circuit the fuse wire protects against,Low voltage,High resistance,Overcurrent,Short circuit,A,Household Circuits,
Physics,A circuit has two bulbs in series and one in parallel to the supply. If one bulb in the series burns out, the others,All go off,Only the parallel one remains lit,Only series ones remain lit,B,Household Circuits,
Physics,Why are switches connected to the live wire and not the neutral?,To prevent current flow,For safety to cut off live supply,Neutral never carries current,To increase resistance,B,Household Circuits,
Physics,A current of 2 A flows through a conductor for 3 minutes. The quantity of charge that passes through the conductor is,360 C,180 C,120 C,240 C,A,Current (Numericals),
Physics,"If a lamp of resistance 60 Ω draws a current of 0.5 A,  the potential difference across it is",30 V,60 V,90 V,120 V,A,Current (Numericals),
Physics,A: Newton’s third law is applicable only when bodies are in contact. R: Action and reaction forces act on different bodies,Both A and R true and R explains A,Both A and R true but R does not explain A,A true R false,A false R true,D,Force,
Physics,A: A body moving with uniform velocity has zero net force acting on it R: According to Newton’s first law force is required to maintain motion,Both A and R true and R explains A,Both A and R true but R does not explain A,A true R false,A false R true,C,Force,
Physics,A: A machine can never have efficiency greater than 100% R: Some energy is always lost in overcoming friction,Both A and R true and R explains A,Both A and R true but R does not explain A,A true R false,A false R true,A,Work Energy Power,
Physics,A: Mechanical advantage of a machine can be greater than velocity ratio R: Efficiency of a machine is always less than 1,Both A and R true and R explains A,Both A and R true but R does not explain A,A true R false,A false R true,B,Work Energy Power,
Physics,A: Heat always flows from a hotter body to a colder body R: Temperature is a measure of average kinetic energy of molecules,Both A and R true and R explains A,Both A and R true but R does not explain A,A true R false,A false R true,B,Heat,
Physics,A: Sea breeze blows during the day R: Land heats up faster than water,Both A and R true and R explains A,Both A and R true but R does not explain A,A true R false,A false R true,A,Heat,
Physics,A: Sound cannot travel through vacuum R: Sound waves require a material medium for propagation,Both A and R true and R explains A,Both A and R true but R does not explain A,A true R false,A false R true,A,Waves,
Physics,A: The speed of sound in air increases with temperature R: Increase in temperature decreases air density,Both A and R true and R explains A,Both A and R true but R does not explain A,A true R false,A false R true,B,Waves,
Physics,A: A ray of light bends towards the normal when entering a denser medium R: Speed of light decreases in a denser medium,Both A and R true and R explains A,Both A and R true but R does not explain A,A true R false,A false R true,A,Refraction of Light,
Physics,A: The refractive index of a medium depends on wavelength of light R: Speed of light in a medium varies with wavelength,Both A and R true and R explains A,Both A and R true but R does not explain A,A true R false,A false R true,A,Refraction of Light,
Physics,A: A convex lens can form a virtual image R: When the object is placed between optical centre and focus,Both A and R true and R explains A,Both A and R true but R does not explain A,A true R false,A false R true,A,Lenses,
Physics,A: A concave lens always produces a diminished image R: Its focal length is always negative,Both A and R true and R explains A,Both A and R true but R does not explain A,A true R false,A false R true,B,Lenses,
Physics,A: Electric power increases when resistance decreases for constant voltage R: P = V²/R,Both A and R true and R explains A,Both A and R true but R does not explain A,A true R false,A false R true,A,Current Electricity,
Physics,A: Electric current is same in all components connected in parallel R:Potential difference across each branch is same,Both A and R true and R explains A,Both A and R true but R does not explain A,A true R false,A false R true,D,Current Electricity,
Physics,A: A freely suspended magnet aligns itself in north-south direction R: Earth behaves like a giant magnet,Both A and R true and R explains A,Both A and R true but R does not explain A,A true R false,A false R true,A,Magnetism,
Physics,A: Magnetic field lines never intersect each other R: At intersection point direction of field becomes ambiguous,Both A and R true and R explains A,Both A and R true but R does not explain A,A true R false,A false R true,A,Magnetism,
Physics,What is the SI unit of force?,Newton,Joule,Watt,Pascal,A,Force,
Physics,The speed of light in vacuum is approximately:,3 × 10^8 m/s,3 × 10^6 m/s,3 × 10^10 m/s,3 × 10^5 m/s,A,Spectrum,
Physics,According to Newton's third law:,Action and reaction are equal and opposite,Force equals mass times acceleration,Every object continues in motion,Energy is conserved,A,Force,
Physics,The unit of electric current is:,Ampere,Volt,Ohm,Watt,A,Current Electricity,
Physics,Which of the following is a vector quantity?,Speed,Distance,Velocity,Temperature,C,Force,
Physics,The frequency of AC mains in India is:,50 Hz,60 Hz,100 Hz,220 Hz,A,Current Electricity,
Physics,The principle of conservation of energy states that:,Energy can neither be created nor destroyed,Energy can be created,Energy can be destroyed,Energy remains constant,A,"Work, Energy & Power",
Physics,The SI unit of power is:,Watt,Joule,Newton,Pascal,A,"Work, Energy & Power",
Physics,Ohm's law relates:,"Voltage, current, and resistance",Power and energy,Force and acceleration,Work and time,A,Current Electricity,
Physics,The refractive index of water is approximately:,1.33,1,1.5,2.42,A,Refraction of Light at Plane surfaces,
Physics,A concave lens is used to correct:,Myopia,Hypermetropia,Astigmatism,Presbyopia,A,Refraction Through a Lens,
Physics,The unit of work is:,Joule,Watt,Newton,Pascal,A,"Work, Energy & Power",
Physics,Sound cannot travel through:,Vacuum,Air,Water,Steel,A,Sound,
Physics,The acceleration due to gravity on Earth is:,9.8 m/s²,10 m/s²,9.8 km/s²,10 km/s²,A,Force,
Physics,Which color of light has the maximum wavelength?,Red,Violet,Green,Blue,A,Spectrum,
Physics,An object at rest has:,Potential energy,Only kinetic energy,No energy,Both kinetic and potential energy,A,Force,
Physics,The resistance of a conductor depends on:,"Length, area, and material",Only length,Only area,Only material,A,Current Electricity,
Physics,Electromagnets are made of:,Soft iron,Steel,Copper,Aluminum,A,Electromagnetism,
Physics,The commercial unit of electrical energy is:,kWh,Watt,Joule,Newton,A,Household Circuits,
Physics,Focal length of a convex lens is:,Positive,Negative,Zero,Infinite,A,Refraction Through a Lens,
Chemistry,The chemical formula of water is:,H2O,H2O2,HO,H3O,A,Study of Compounds (water as a simple compound),
Chemistry,The pH of a neutral solution at 25°C is:,7,0,14,1,A,"Acids, Bases & Salts",
Chemistry,Which gas is known as laughing gas?,N2O,NO2,NO,N2O5,A,"Study of Compounds / Organic Chemistry (N₂O, organic oxide)",
Chemistry,The atomic number of carbon is:,6,12,8,14,A,Periodic Table,
Chemistry,Rusting of iron is an example of:,Oxidation,Reduction,Neutralization,Displacement,A,Chemical Bonding / Study of Compounds (oxidation/ corrosion),
Chemistry,The valency of oxygen is:,2,1,3,4,A,Periodic Table / Chemical Bonding,
Chemistry,Which among the following is an acidic oxide?,SO2,CaO,MgO,Na2O,A,"Periodic Table / Acids, Bases & Salts",
Chemistry,The molecular formula of methane is:,CH4,C2H6,C2H4,C3H8,A,Organic Chemistry,
Chemistry,What is the main component of natural gas?,Methane,Ethane,Propane,Butane,A,Organic Chemistry,
Chemistry,The process of converting a solid directly to gas is called:,Sublimation,Evaporation,Condensation,Melting,A,Physical Chemistry Concept (sublimation) — Periodic Table context,
Chemistry,Which metal is the best conductor of electricity?,Silver,Copper,Gold,Aluminum,A,Periodic Table,
Chemistry,The chemical formula of common salt is:,NaCl,KCl,CaCl2,MgCl2,A,Study of Compounds,
Chemistry,What is the valency of sodium?,1,2,3,4,A,Periodic Table / Chemical Bonding,
Chemistry,The formula of sulphuric acid is:,H2SO4,HCl,HNO3,H2CO3,A,Study of Compounds,
Chemistry,Noble gases are found in group:,18,1,17,2,A,Periodic Table,
Chemistry,The functional group in alcohols is:,Carbonyl group (C=O),Carboxyl group (–COOH),Hydroxyl group (–OH),Amino group (–NH₂),C,Organic Chemistry,
Chemistry,The process of slow conversion of iron into rust in the presence of air and moisture is called:,Corrosion,Rusting,Both A and B,,C,Chemical Bonding / Study of Compounds,
Chemistry,The chemical name of baking soda is:,Sodium bicarbonate,Sodium carbonate,Sodium hydroxide,Sodium chloride,A,Study of Compounds / Analytical Chemistry,
Chemistry,Acids turn blue litmus paper:,Red,Blue,Yellow,Green,A,"Acids, Bases & Salts",
Chemistry,The metal which is liquid at  room temperature is:,Mercury,Sodium,Potassium,Gallium,A,Periodic Table,
Maths,What is the value of π (pi) approximately?,3.14,2.14,4.14,5.14,A,Geometry,
Maths,The sum of angles in a triangle is:,180°,90°,360°,270°,A,Geometry – Triangles,
Maths,The quadratic formula is used to solve equations of the form:,ax² + bx + c = 0,ax + b = 0,ax³ + bx² + c = 0,ax² = 0,A,Quadratic Equations,
Maths,The area of a circle with radius r is:,πr²,2πr,πr,r²,A,Mensuration,
Maths,The value of sin 90° is:,1,0,√3/2,1/√2,A,Trigonometry,
Maths,Two parallel lines have slopes that are:,Equal,Negative reciprocals,Different,Zero,A,Coordinate Geometry,
Maths,The HCF of 12 and 18 is:,6,12,18,36,A,Number Theory,
Maths,The LCM of 4 and 6 is:,12,24,8,6,A,Number Theory,
Maths,"If a = 5 and b = 3, what is a² + b²?",34,25,30,64,A,Algebra,
Maths,The volume of a cube with side a is:,a³,a²,3a,6a²,A,Mensuration,
Maths,The Pythagorean theorem states:,a² + b² = c²,a + b = c,ab = c,a² - b² = c²,A,Geometry – Triangles,
Maths,"The median of 3, 5, 7, 9, 11 is:",7,5,9,6,A,Measures of Central Tendency,
Maths,The mode is the value that:,Occurs most frequently,Is in the middle,Is the average,Is the lowest,A,Measures of Central Tendency,
Maths,The formula for the perimeter of a rectangle is:,2(l + w),l × w,l + w,2l + w,A,Mensuration,
Maths,The discriminant of a quadratic equation is:,b² - 4ac,b² + 4ac,4ac - b²,-b ± √(b² - 4ac),A,Quadratic Equations,
Maths,The slope of a horizontal line is:,0,1,Undefined,∞,A,Coordinate Geometry,
Maths,The number of sides in a hexagon is:,6,5,7,8,A,Geometry,
Maths,"If x/y = 2/3, then 3x equals:",2y,y,3y,6y,A,Algebra,
Biology,The powerhouse of the cell is:,Mitochondria,Nucleus,Ribosome,Golgi body,A,Cell,
Biology,Photosynthesis takes place in:,Chloroplasts,Mitochondria,Nucleus,Vacuole,A,Photosynthesis,
Biology,The basic unit of life is:,Cell,Tissue,Organ,Organism,A,Cell,
Biology,DNA stands for:,Deoxyribonucleic acid,Diribonucleic acid,Deoxyribose nucleic acid,Deoxyribonucleotide acid,A,Genetics,
Biology,The process by which plants make food is called:,Photosynthesis,Respiration,Transpiration,Digestion,A,Photosynthesis,
Biology,The largest organ in the human body is:,Skin,Liver,Heart,Brain,A,Human Anatomy,
Biology,How many chambers are there in the human heart?,4,2,3,5,A,Circulatory System,
Biology,The study of plants is called:,Botany,Zoology,Biology,Ecology,A,Plant Physiology,
Biology,Blood is pumped by the:,Heart,Lungs,Liver,Kidneys,A,Circulatory System,
Biology,The green pigment in plants is:,Chlorophyll,Xanthophyll,Carotene,Anthocyanin,A,Photosynthesis,
Biology,The process of releasing water vapor from plants is:,Transpiration,Respiration,Photosynthesis,Absorption,A,Transpiration,
Biology,Genes are made up of:,DNA,RNA,Proteins,Lipids,A,Genetics,
Biology,The organ that filters blood in human body is:,Kidney,Liver,Heart,Lungs,A,Excretory System,
Biology,The scientific name of human is:,Homo sapiens,Homo erectus,Homo habilis,Homo neanderthalensis,A,Genetics / Human Evolution (taxonomy because of evolution context),
Biology,Arteries carry blood:,Away from the heart,To the heart,Within organs,To lungs only,A,Circulatory System,
Biology,The respiratory organ in fish is:,Gills,Lungs,Skin,Trachea,A,Physiology (Respiration) (often part of Human Anatomy & Physiology),
Biology,Insulin is produced by:,Pancreas,Liver,Kidney,Thyroid,A,Endocrine,
Biology,The part of eye that controls the amount of light entering is:,Iris,Pupil,Cornea,Lens,A,Sense Organs,
Biology,The basic unit of nervous system is:,Neuron,Nephron,Dendrite,Axon,A,Nervous System,
Biology,Organisms that cannot make their own food are called:,Heterotrophs,Autotrophs,Producers,Decomposers,A,Photosynthesis / Nutrition (heterotrophs),
Chemistry,Which formula represents a saturated hydrocarbon?,C4H8,C5H12,C4H6,C5H10,B,Organic Chemistry,
Chemistry,Assertion (A) : The tendency of losing electrons increases down the Group. R eason (R) : The most reactive metal is placed at the top of Group 1.,"Both (A) and (R) are true, and (R) is the correct explanation of (A)","Both (A) and (R) are true, and (R) is not the explanation of (A)",(A) is true but (R) is false.,(A) is false but (R) is true.,C,Chemical bonding,
Chemistry,Which of the following option has all the compounds which are members of the same homologous series ?,"CH4, C2H6, C3H8","CH4, C2H6, C3H6","C3H4, C3H6, C3H8","C2H4, C3H6, C4H10",A,Organic Chemistry,
Chemistry,Assertion (A) : In the contact process SO 3 gas is not directly dissolved in water to obtain sulphuric acid. R eason (R) : Dense fog or misty droplets of sulphuric acid are formed which is difficult to condense.,"Both (A) and (R) are true, and (R) is the correct explanation of (A)","Both (A) and (R) are true, and (R) is not the explanation of (A)",(A) is true but (R) is false.,"(A) is false but (R) is true.Oswaal ICSE Chapterwise & Topicwise Question Bank, CHEMISTRY, Class-X 2",A,"Acids, Bases & Salts",
Chemistry,Which pair of reactants can be best used to produce lead (II) sulphate ?,Sulphuric acid + Lead,Sulphuric acid + Lead hydro xide,Sodium sulphate + Lead nitrate,Potassium sulphate + Lead oxide,C,"Acids, Bases & Salts",
Chemistry,Aqueous copper (II) sulphate is electrolysed using copper electrodes. Which statement about the electrolysis is not correct?,An o xidation reaction occurs at the positive,The cur rent is carried through the electrolyte by,The positive electrode loses mass.,The number of copper (II) ions in the electrolyte,D,"Acids, Bases & Salts",
Chemistry,"X, Y & Z are three metallic atoms in successive order belonging to the same group such that atomic radii of 'X' is the smallest. Which of the three atoms is the best reducing agent ?",X,Y,Z,All three have the same reducing power .,C,Periodic table,
Physics,"When a bell fixed on a cycle rings, then the energy conversion that takes place is",gravitational potential energy to sound energy,kinetic energy to sound energy,sound energy to electrical energy,sound energy to mechanical energy,B,"Work, Energy & Power",
Physics,Assertion (A): Ultraviolet radiations are scattered more as compared to the microwave radiations. Reason (R): Wavelength of ultraviolet radiation is more than the wavelength of microwave radiation.,Both A and R are true.,A is true but R is false.,A is false but R is true.,Both A and R are false.,B,Spectrum,
Physics,The potential difference between terminals of a cell in a closed electric circuit is,terminal voltage,electro motive force,voltage drop,none of these,A,Current Electricity,
Physics,During melting of ice at 0°C the,energy is released and temperature remains constant,energy is absorbed and temperature remains constant,energy is released and temperature decreases.,energy is absorbed and temperature increases.,B,Calorimetry,
Physics,A radioactive element is placed in an evacuated chamber. Then the rate of radioactive decay will,Decrease,Increase,Remain unchanged,Depend on the surrounding temperature,C,Radioactivity,
Physics,A block of glass is pushed into the path of the light as shown below. Then the converging point X will,Move away from the slab,Move towards the slab,Not shift,Move towards the left side of the lens,A,Refraction Through a Lens,
Biology,A zygote which has Y chromosome inherited from the father will develop into a:,Will depend on the chromosome inherited from,Girl,Either boy or a girl,Boy,D,Reproductive System,
Biology,Osmosis takes place when there is:,A freely permeable membrane,A cell wall,A selectively permeable membrane,An impermeable membrane,C,Absorption by Roots,
Biology,Assertion (A): Sympathetic nervous system prepares the body for violent action against abnormal conditions. Reason (R): Sympathetic nervous system accelerates heartbeat. Which of the following is correct?,Both A and R are True,"A is True, R is False",A is False but R is True,Both A and R are False,A,Human Anatomy,
Chemistry,"In the 2 nd period, Neon has maximum Ionisation Potential because:",It has unstable electronic configuration.,It easily accepts electrons.,It easily loses electrons.,The outer most shell is completely filled.,D,Periodic table,
Chemistry,The metal hydroxide which reacts with both acids and alkalis to form salt and water is:,Calcium hydroxide,Magnesium hydroxide,Aluminium hydroxide,Ferric hydroxide,C,"Acids, Bases & Salts",
Chemistry,"On passing ammonia gas over heated copper oxide for some time, a reddish-brown residue is left behind. What property of ammonia is demonstrated here?",Basic property,Oxidising property,Reducing property,Acidic property,C,Study of compounds,
Chemistry,Ammonia gas is collected by downward displacement of air since ammonia is:,very slightly soluble in water.,heavier than air.,lighter than air.,insoluble in water.,C,Study of Compounds / Ammonia,
Chemistry,"In the molecule of water, oxygen atom has:",One shared pair of electrons.,Three shared pair of electrons.,T wo lone pairs of electrons.,One lone pair of electrons.,C,Chemical Bonding,
Chemistry,"Mohan has three solutions P, Q and R having a pH of 13, 5 and 2 respectively. Which of the above solutions is P, Q or R : [3]",will react with Magnesium to liberate hydrogen,will liberate ammonia gas when it reacts with,will contain molecules as well as ions? Solved Paper - 2024,,C,Study of compounds,
Maths,The circumcentre of a triangle is the point which is:,at equal distance from the three sides of thetriangle,at equal distance from the three vertices of the triangle,the point of intersection of the three medians.,the point of intersection of the three altitudes of triangle,B,Coordinate Geometry,
Maths,"Assertion (A): A die is thrown once and the prob - ability of getting an even number is 2 3 . Reason (R): The sample space for even numbers on a die is {2, 4, 6}.","A is true, R is false.","A is false, R is true.",Both A and R are true.,Both A and R and false.,B,Probability,
Maths,The given quadratic equation 3 x2 + 7x + 2 = 0 has,two equal real roots.,two distinct real roots.,more than two real roots.,no real roots.,B,Quadratic Equations,
Maths,"Mr. Anuj deposits  Rs 500 per month for 18 months in a recurring deposit account at a certain rate. If he earns Rs 570 as interest at the time of maturity, then his matured amount is",Rs (500 × 18 + 570),Rs (500 × 19 + 570),Rs (500 × 18 × 19 + 570),Rs (500 × 9 × 19 + 570),A,Banking,
Maths,Which of the following cannot be the probability of any event?,5/4,1/4,1/33,67%,A,Probability,
Physics,The SI unit of the moment of force is:,$N m^{-1}$,$N m$,$kg f m$,$N m^2$,,,B
Physics,"A ray of light enters a glass block of refractive index $\mu = 1.50$ from air. If the speed of light in vacuum is $3 \times 10^8 m s^{-1}$, calculate the speed of light in the glass block.",$4.5 \times 10^8 m s^{-1}$,$2.25 \times 10^8 m s^{-1}$,$2.0 \times 10^8 m s^{-1}$,$1.5 \times 10^8 m s^{-1}$,,,C
Physics,"When a tuning fork is held over the mouth of a resonance column, a loud sound is heard at a specific length of the air column. This phenomenon is an example of:",Damped vibrations,Forced vibrations,Resonance,Free vibrations,,,C
Physics,Calculate the amount of heat energy required to raise the temperature of $2 kg$ of water from $20^\circ C$ to $60^\circ C$. (Specific heat capacity of water = $4200 J kg^{-1} ^\circ C^{-1}$),"$336,000 J$","$168,000 J$","$84,000 J$","$504,000 J$",,,A
Physics,"During the emission of an alpha particle ($\alpha$) from a radioactive nucleus, the mass number (A) and the atomic number (Z) change as follows:","A decreases by 2, Z decreases by 2","A decreases by 4, Z decreases by 2","A decreases by 4, Z decreases by 1","A remains same, Z increases by 1",,,B
Physics,"A body is thrown vertically upwards. At the highest point of its trajectory, the body has:",Maximum Kinetic Energy and Minimum Potential Energy,Minimum Kinetic Energy and Maximum Potential Energy,Both Kinetic and Potential Energy are zero,Both Kinetic and Potential Energy are maximum,,,B
Physics,"An object is placed at a distance of $2f$ from a convex lens. If the lower half of the lens is covered with a black opaque paper, then:",Only the upper half of the image will be formed,Only the lower half of the image will be formed,A full image is formed but its intensity is reduced,No image is formed,,,C
Physics,"A single movable pulley system has an efficiency of $80\%$. If an effort of $100 N$ is applied, what is the actual load that can be lifted?",200 N,160 N,80 N,125 N,,,B
Physics,"In a step-up transformer, the relation between the number of turns in the primary coil ($N_p$) and the secondary coil ($N_s$) is:",$N_s < N_p$,$N_s = N_p$,$N_s > N_p$,$N_s = 2 N_p$ always,,,C
Physics,"In a circuit, two resistors of $6 \Omega$ and $12 \Omega$ are connected in parallel. This combination is then connected in series with a $2 \Omega$ resistor and a $12 V$ battery. What is the current flowing through the $12 \Omega$ resistor?",$2.0 A$,$0.67 A$,$1.33 A$,$4.0 A$,,,B
Biology,A cross is made between a homozygous tall plant ($TT$) and a heterozygous tall plant ($Tt$). What is the probability of obtaining a dwarf plant ($tt$) in the offspring?,0%,25%,50%,100%,,,A
Biology,During which stage of mitosis do the chromosomes align at the equatorial plane of the cell?,Prophase,Metaphase,Anaphase,Telophase,,,B
Chemistry,Unsaturated hydrocarbons undergo,Addition Reaction,Sublimation Reaction,Oxidation Reaction,Redox Reaction,,,A
